filename,n_redactions
00001.txt,12
00002.txt,3
00003.txt,11
00004.txt,8
00005.txt,0
00006.txt,6
00007.txt,21
00008.txt,11
00009.txt,8
00010.txt,14
00011.txt,4
00012.txt,15
00013.txt,9
00014.txt,8
00015.txt,0
00016.txt,5
00017.txt,10
00018.txt,0
00019.txt,3
00020.txt,0
00021.txt,8
00022.txt,20
00023.txt,54
00024.txt,0
00025.txt,14
00026.txt,11
00027.txt,4
00028.txt,21
00029.txt,55
00030.txt,17
00031.txt,47
00032.txt,8
00033.txt,109
00034.txt,2
00035.txt,1
00036.txt,1
00037.txt,3
00038.txt,5
00039.txt,1
00040.txt,8
00041.txt,0
00042.txt,46
00043.txt,23
00044.txt,11
00045.txt,1
00046.txt,43
00047.txt,8
00048.txt,3
00049.txt,13
00050.txt,21
00051.txt,1
00052.txt,2
00053.txt,13
00054.txt,0
00055.txt,10
00056.txt,44
00057.txt,15
00058.txt,21
00059.txt,14
00060.txt,51
00061.txt,14
00062.txt,4
00063.txt,23
00064.txt,15
00065.txt,1
00066.txt,5
00067.txt,46
00068.txt,18
00069.txt,0
00070.txt,4
00071.txt,15
00072.txt,21
00073.txt,9
00074.txt,6
00075.txt,0
00076.txt,39
00077.txt,154
00078.txt,21
00079.txt,9
00080.txt,51
00081.txt,15
00082.txt,0
00083.txt,11
00084.txt,63
00085.txt,16
00086.txt,5
00087.txt,16
00088.txt,45
00089.txt,7
00090.txt,36
00091.txt,27
00092.txt,20
00093.txt,3
00094.txt,9
00095.txt,6
00096.txt,20
00097.txt,27
00098.txt,0
00099.txt,6
00100.txt,20
00101.txt,48
00102.txt,6
00103.txt,2
00104.txt,1
00105.txt,0
00106.txt,13
00107.txt,33
00108.txt,3
00109.txt,11
00110.txt,18
00111.txt,3
00112.txt,14
00113.txt,4
00114.txt,19
00115.txt,5
00116.txt,6
00117.txt,3
00118.txt,3
00119.txt,5
00120.txt,13
00121.txt,1
00122.txt,4
00123.txt,3
00124.txt,2
00125.txt,0
00126.txt,0
00127.txt,24
00128.txt,10
00129.txt,7
00130.txt,14
00131.txt,0
00132.txt,9
00133.txt,2
00134.txt,13
00135.txt,7
00136.txt,12
00137.txt,9
00138.txt,0
00139.txt,2
00140.txt,11
00141.txt,31
00142.txt,2
00143.txt,4
00144.txt,27
00145.txt,14
00146.txt,9
00147.txt,10
00148.txt,27
00149.txt,12
00150.txt,12
00151.txt,4
00152.txt,2
00153.txt,6
00154.txt,6
00155.txt,0
00156.txt,7
00157.txt,2
00158.txt,10
00159.txt,16
00160.txt,3
00161.txt,0
00162.txt,0
00163.txt,1
00164.txt,2
00165.txt,5
00166.txt,14
00167.txt,36
00168.txt,16
00169.txt,42
00170.txt,3
00171.txt,4
00172.txt,0
00173.txt,1
00174.txt,4
00175.txt,1
00176.txt,2
00177.txt,0
00178.txt,47
00179.txt,34
00180.txt,10
00181.txt,1
00182.txt,4
00183.txt,6
00184.txt,3
00185.txt,3
00186.txt,22
00187.txt,0
00188.txt,16
00189.txt,1
00190.txt,11
00191.txt,28
00192.txt,73
00193.txt,5
00194.txt,6
00195.txt,12
00196.txt,29
00197.txt,2
00198.txt,4
00199.txt,0
00200.txt,0
00201.txt,11
00202.txt,3
00203.txt,3
00204.txt,59
00205.txt,12
00206.txt,18
00207.txt,5
00208.txt,14
00209.txt,0
00210.txt,0
00211.txt,28
00212.txt,0
00213.txt,5
00214.txt,3
00215.txt,5
00216.txt,1
00217.txt,10
00218.txt,8
00219.txt,1
00220.txt,0
00221.txt,4
00222.txt,5
00223.txt,5
00224.txt,4
00226.txt,21
00227.txt,12
00228.txt,0
00229.txt,0
00230.txt,23
00231.txt,10
00232.txt,0
00233.txt,8
00234.txt,11
00235.txt,0
00236.txt,4
00237.txt,13
00238.txt,19
00239.txt,0
00240.txt,13
00241.txt,4
00242.txt,19
00243.txt,2
00244.txt,6
00245.txt,0
00246.txt,0
00247.txt,4
00248.txt,1
00249.txt,7
00250.txt,2
00251.txt,0
00252.txt,1
00253.txt,25
00254.txt,6
00255.txt,11
00256.txt,3
00257.txt,2
00258.txt,42
00259.txt,11
00260.txt,29
00261.txt,12
00262.txt,96
00263.txt,0
00264.txt,6
00265.txt,16
00266.txt,4
00267.txt,10
00268.txt,35
00269.txt,15
00270.txt,14
00271.txt,1
00272.txt,12
00273.txt,0
00274.txt,18
00275.txt,85
00276.txt,36
00277.txt,12
00278.txt,16
00279.txt,37
00280.txt,11
00281.txt,0
00282.txt,2
00283.txt,11
00284.txt,0
00285.txt,9
00286.txt,25
00287.txt,0
00288.txt,3
00289.txt,9
00290.txt,4
00291.txt,5
00292.txt,14
00293.txt,9
00294.txt,9
00295.txt,47
00296.txt,2
00297.txt,6
00298.txt,24
00299.txt,0
00300.txt,36
00301.txt,9
00302.txt,2
00303.txt,11
00304.txt,13
00305.txt,13
00306.txt,3
00307.txt,12
00308.txt,29
00309.txt,22
00310.txt,15
00311.txt,2
00312.txt,11
00313.txt,11
00314.txt,28
00315.txt,10
00316.txt,0
00317.txt,9
00318.txt,0
00319.txt,1
00320.txt,0
00321.txt,12
00322.txt,6
00323.txt,6
00324.txt,7
00325.txt,1
00326.txt,8
00327.txt,1
00328.txt,1
00329.txt,30
00330.txt,3
00331.txt,5
00332.txt,44
00333.txt,0
00334.txt,1
00335.txt,3
00336.txt,108
00337.txt,7
00338.txt,35
00339.txt,4
00340.txt,2
00341.txt,9
00342.txt,4
00343.txt,32
00344.txt,14
00345.txt,48
00346.txt,1
00347.txt,9
00348.txt,13
00349.txt,38
00350.txt,10
00351.txt,11
00352.txt,46
00353.txt,88
00354.txt,22
00355.txt,1
00356.txt,6
00357.txt,26
00358.txt,3
00359.txt,0
00360.txt,2
00361.txt,26
00362.txt,1
00363.txt,2
00364.txt,19
00365.txt,73
00366.txt,0
00367.txt,0
00368.txt,3
00369.txt,3
00370.txt,2
00371.txt,18
00372.txt,29
00373.txt,12
00374.txt,11
00375.txt,25
00376.txt,4
00377.txt,21
00378.txt,2
00379.txt,16
00380.txt,46
00381.txt,0
00382.txt,5
00383.txt,2
00384.txt,30
00385.txt,12
00386.txt,2
00387.txt,25
00388.txt,14
00389.txt,17
00390.txt,3
00391.txt,20
00392.txt,8
00393.txt,23
00394.txt,14
00395.txt,11
00396.txt,11
00397.txt,20
00398.txt,0
00399.txt,4
00400.txt,38
00401.txt,4
00402.txt,23
00403.txt,1
00404.txt,63
00405.txt,24
00406.txt,1
00407.txt,2
00408.txt,8
00409.txt,0
00410.txt,73
00411.txt,9
00412.txt,3
00413.txt,5
00414.txt,11
00415.txt,2
00416.txt,10
00417.txt,3
00418.txt,7
00419.txt,23
00420.txt,26
00421.txt,28
00422.txt,3
00423.txt,0
00424.txt,11
00425.txt,19
00426.txt,3
00427.txt,6
00428.txt,17
00429.txt,6
00430.txt,0
00431.txt,50
00432.txt,13
00433.txt,10
00434.txt,20
00435.txt,8
00436.txt,20
00437.txt,4
00438.txt,11
00439.txt,0
00440.txt,2
00441.txt,0
00442.txt,0
00443.txt,1
00444.txt,4
00445.txt,3
00446.txt,0
00447.txt,6
00448.txt,17
00449.txt,6
00450.txt,0
00451.txt,5
00452.txt,16
00453.txt,3
00454.txt,14
00455.txt,6
00456.txt,6
00457.txt,13
00458.txt,4
00459.txt,10
00460.txt,15
00461.txt,33
00462.txt,5
00463.txt,15
00464.txt,7
00465.txt,10
00466.txt,19
00467.txt,24
00468.txt,33
00469.txt,39
00470.txt,15
00471.txt,7
00472.txt,21
00473.txt,26
00474.txt,6
00475.txt,2
00476.txt,21
00477.txt,2
00478.txt,45
00479.txt,4
00480.txt,31
00481.txt,9
00482.txt,12
00483.txt,12
00484.txt,6
00485.txt,21
00486.txt,4
00487.txt,9
00488.txt,3
00489.txt,56
00490.txt,3
00491.txt,13
00492.txt,1
00493.txt,3
00494.txt,37
00495.txt,6
00496.txt,4
00497.txt,12
00498.txt,0
00499.txt,1
00500.txt,2
00501.txt,7
00502.txt,0
00503.txt,11
00504.txt,15
00505.txt,29
00506.txt,11
00507.txt,0
00508.txt,7
00509.txt,15
00510.txt,23
00511.txt,16
00512.txt,2
00513.txt,0
00514.txt,16
00515.txt,2
00516.txt,55
00517.txt,1
00518.txt,4
00519.txt,5
00520.txt,2
00521.txt,15
00522.txt,0
00523.txt,0
00524.txt,15
00525.txt,12
00526.txt,4
00527.txt,11
00528.txt,40
00529.txt,0
00530.txt,98
00531.txt,9
00532.txt,15
00533.txt,2
00534.txt,7
00535.txt,0
00536.txt,9
00537.txt,1
00538.txt,0
00539.txt,6
00540.txt,32
00541.txt,11
00542.txt,16
00543.txt,3
00544.txt,3
00545.txt,0
00546.txt,16
00547.txt,5
00548.txt,0
00549.txt,1
00550.txt,50
00551.txt,11
00552.txt,0
00553.txt,3
00554.txt,3
00555.txt,33
00556.txt,18
00557.txt,2
00558.txt,5
00559.txt,4
00560.txt,10
00561.txt,21
00562.txt,2
00563.txt,0
00564.txt,2
00565.txt,4
00566.txt,14
00567.txt,6
00568.txt,6
00569.txt,46
00570.txt,14
00571.txt,2
00572.txt,10
00573.txt,4
00574.txt,2
00575.txt,1
00576.txt,9
00577.txt,10
00578.txt,8
00579.txt,9
00580.txt,9
00581.txt,11
00582.txt,32
00583.txt,23
00584.txt,2
00585.txt,12
00586.txt,7
00587.txt,1
00588.txt,86
00589.txt,16
00590.txt,20
00591.txt,1
00592.txt,26
00593.txt,51
00594.txt,0
00595.txt,12
00596.txt,2
00597.txt,20
00598.txt,9
00599.txt,6
00600.txt,2
00601.txt,21
00602.txt,7
00603.txt,11
00604.txt,7
00605.txt,0
00606.txt,19
00607.txt,2
00608.txt,6
00609.txt,39
00610.txt,3
00611.txt,8
00612.txt,5
00613.txt,44
00614.txt,79
00615.txt,34
00616.txt,2
00617.txt,5
00618.txt,4
00619.txt,4
00620.txt,32
00621.txt,22
00622.txt,3
00623.txt,1
00624.txt,19
00625.txt,0
00626.txt,16
00627.txt,7
00628.txt,12
00629.txt,0
00630.txt,20
00631.txt,14
00632.txt,3
00633.txt,12
00634.txt,63
00635.txt,2
00636.txt,15
00637.txt,8
00638.txt,6
00639.txt,1
00640.txt,27
00641.txt,6
00642.txt,11
00643.txt,12
00644.txt,6
00645.txt,3
00646.txt,12
00647.txt,1
00648.txt,16
00649.txt,13
00650.txt,0
00651.txt,1
00652.txt,2
00653.txt,2
00654.txt,0
00655.txt,2
00656.txt,10
00657.txt,2
00658.txt,0
00659 TEXT MISSING.txt,0
00661.txt,14
00662.txt,4
00663.txt,11
00664.txt,15
00665.txt,8
00666.txt,16
00667.txt,166
00668.txt,1
00669.txt,2
00670.txt,0
00671.txt,28
00672.txt,3
00673.txt,9
00674.txt,10
00675.txt,26
00676.txt,4
00677.txt,1
00678.txt,81
00679.txt,38
00680.txt,22
00681.txt,67
00682.txt,19
00683.txt,6
00684.txt,3
00685.txt,2
00686.txt,10
00687.txt,7
00688.txt,7
00689.txt,7
00690.txt,1
00691.txt,2
00692.txt,3
00693.txt,35
00694.txt,83
00695.txt,28
00696.txt,2
00697.txt,42
00698.txt,0
00699.txt,0
00700.txt,21
00701.txt,2
00702.txt,68
00703.txt,4
00704.txt,14
00705.txt,60
00706.txt,2
00707.txt,5
00708.txt,10
00709.txt,81
00710.txt,14
00711.txt,2
00712.txt,35
00713.txt,32
00714.txt,1
00715.txt,41
00716.txt,10
00717.txt,2
00718.txt,84
00719.txt,15
00720.txt,0
00721.txt,20
00722.txt,51
00723.txt,2
00724.txt,55
00725.txt,16
00726.txt,79
00727.txt,12
00728.txt,2
00729.txt,7
00730.txt,12
00731.txt,5
00732.txt,83
00734.txt,5
00735.txt,15
00736.txt,1
00737.txt,12
00738.txt,5
00739.txt,23
00740.txt,7
00741.txt,51
00742.txt,9
00743.txt,12
00744.txt,47
00745.txt,6
00746.txt,5
00747.txt,8
00748.txt,3
00749.txt,9
00750.txt,1
00751.txt,12
00752.txt,54
00753.txt,7
00754.txt,2
00755.txt,6
00756.txt,38
00757.txt,24
00758.txt,27
00759.txt,4
00760.txt,0
00761.txt,51
00762.txt,0
00763.txt,26
00764.txt,11
00765.txt,25
00766.txt,19
00767.txt,0
00768.txt,0
00769.txt,35
00770.txt,33
00771.txt,27
00772.txt,2
00773.txt,30
00774.txt,10
00775.txt,12
00776.txt,20
00777.txt,18
00778.txt,46
00779.txt,19
00780.txt,0
00781.txt,28
00782.txt,4
00783.txt,0
00784.txt,32
00785.txt,43
00786.txt,26
00787.txt,20
00788.txt,5
00789.txt,183
00792.txt,42
00793.txt,21
00794.txt,4
00795.txt,22
00796.txt,10
00797.txt,0
00798.txt,16
00799.txt,0
00800.txt,13
00801.txt,12
00802.txt,23
00803.txt,19
00804.txt,0
00805.txt,8
00806.txt,11
00807.txt,16
00808.txt,13
00809.txt,4
00810.txt,16
00811.txt,6
00812.txt,20
00813.txt,112
00814.txt,71
00815.txt,5
00816.txt,0
00817.txt,5
00818.txt,11
00819.txt,13
00820.txt,1
00821.txt,4
00822.txt,9
00823.txt,19
00824.txt,1
00825.txt,0
00826.txt,14
00827.txt,0
00828.txt,12
00829.txt,69
00830.txt,0
00831.txt,16
00832.txt,20
00833.txt,27
00834.txt,20
00835.txt,27
00836.txt,19
00837.txt,17
00838.txt,7
00839.txt,2
00840.txt,9
00841.txt,33
00842.txt,11
00843.txt,4
00844.txt,4
00845.txt,2
00846.txt,52
00847.txt,55
00848.txt,6
00849.txt,29
00850.txt,25
00851.txt,10
00852.txt,7
00853.txt,13
00854.txt,5
00855.txt,77
00856.txt,16
00857.txt,6
00858.txt,0
00859.txt,16
00860.txt,0
00861.txt,7
00862.txt,11
00863.txt,6
00864.txt,18
00865.txt,17
00866.txt,27
00867.txt,4
00868.txt,16
00869.txt,9
00870.txt,13
00871.txt,1
00872.txt,16
00873.txt,42
00874.txt,0
00875.txt,20
00876.txt,123
00877.txt,9
00878.txt,24
00879.txt,15
00880.txt,11
00881.txt,2
00882.txt,3
00883.txt,17
00884.txt,28
00885.txt,6
00886.txt,50
00887.txt,9
00888.txt,9
00889.txt,9
00890.txt,17
00891.txt,11
00892.txt,3
00893.txt,17
00894.txt,15
00895.txt,12
00896.txt,1
00897.txt,2
00898.txt,3
00899.txt,46
00900.txt,6
00901.txt,18
00902.txt,45
00903.txt,3
00904.txt,23
00905.txt,1
00906.txt,46
00907.txt,1
00908.txt,18
00909.txt,7
00911.txt,3
00912.txt,10
00913.txt,3
00914.txt,11
00915.txt,4
00916.txt,8
00917.txt,38
00918.txt,24
00919.txt,45
00920.txt,46
00921.txt,15
00922.txt,9
00923.txt,4
00924.txt,29
00925.txt,3
00926.txt,17
00927.txt,14
00928.txt,3
00929.txt,92
00930.txt,6
00931.txt,70
00932.txt,11
00933.txt,8
00934.txt,6
00935.txt,68
00936.txt,3
00937.txt,7
00938.txt,34
00939.txt,1
00940.txt,9
00941.txt,33
00942.txt,3
00943.txt,3
00944.txt,35
00945.txt,25
00946.txt,17
00947.txt,8
00948.txt,47
00949.txt,20
00950.txt,4
00951.txt,0
00952.txt,5
00953.txt,0
00954.txt,6
00955.txt,1
00956.txt,38
00957.txt,9
00958.txt,3
00959.txt,4
00960.txt,2
00961.txt,17
00962.txt,0
00963.txt,11
00964.txt,4
00965.txt,9
00966.txt,24
00967.txt,8
00968.txt,3
00969.txt,10
00970.txt,18
00971.txt,4
00973.txt,2
00974.txt,17
00975.txt,17
00976.txt,7
00977.txt,18
00978.txt,2
00979.txt,31
00980.txt,6
00981.txt,8
00982.txt,99
00983.txt,40
00984.txt,4
00985.txt,10
00986.txt,2
00987.txt,6
00988.txt,8
00989.txt,9
00990.txt,13
00991.txt,47
00992.txt,9
00993.txt,20
00994.txt,10
00995.txt,21
00996.txt,25
00997.txt,7
00998.txt,24
00999.txt,15
01000.txt,12
01001.txt,10
01002.txt,4
01003.txt,15
01004.txt,24
01005.txt,6
01006.txt,9
01007.txt,4
01008.txt,9
01009.txt,2
01010.txt,33
01011.txt,27
01012.txt,6
01013.txt,7
01014.txt,12
01015.txt,3
01016.txt,6
01017.txt,98
01018.txt,0
01019.txt,0
01020.txt,8
01021.txt,10
01022.txt,2
01023.txt,9
01024.txt,0
01025.txt,9
01026.txt,16
01027.txt,0
01028.txt,2
01029.txt,3
01030.txt,0
01031.txt,5
01032.txt,41
01033.txt,33
01034.txt,9
01035.txt,8
01036.txt,8
01037.txt,12
01038.txt,4
01039.txt,0
01040.txt,4
01041.txt,35
01042.txt,3
01043.txt,10
01044.txt,11
01045.txt,13
01046.txt,3
01047.txt,0
01048.txt,8
01049.txt,1
01050.txt,1
01051.txt,72
01052.txt,6
01053.txt,1
01054.txt,11
01055.txt,1
01056.txt,6
01057.txt,11
01058.txt,14
01059.txt,9
01060.txt,7
01061.txt,0
01062.txt,9
01063.txt,65
01064.txt,0
01065.txt,1
01066.txt,25
01067.txt,2
01068.txt,9
01069.txt,1
01070.txt,3
01071.txt,4
01072.txt,21
01073.txt,41
01074.txt,46
01075.txt,23
01076.txt,8
01077.txt,4
01078.txt,2
01079.txt,8
01080.txt,5
01081.txt,4
01082.txt,7
01083.txt,18
01084.txt,2
01085.txt,5
01086.txt,47
01087.txt,1
01088.txt,13
01089.txt,19
01090.txt,8
01091.txt,5
01092.txt,13
01093.txt,8
01094.txt,6
01095.txt,28
01096.txt,110
01097.txt,29
01098.txt,8
01099.txt,21
01100.txt,3
01101.txt,9
01102.txt,2
01103.txt,46
01104.txt,12
01105.txt,4
01106.txt,5
01107.txt,46
01108.txt,20
01109.txt,18
01110.txt,3
01111.txt,2
01112.txt,22
01113.txt,26
01114.txt,28
01115.txt,0
01116.txt,34
01117.txt,1
01118.txt,18
01119.txt,2
01120.txt,10
01121.txt,10
01122.txt,11
01123.txt,21
01124.txt,28
01125.txt,6
01126.txt,4
01127.txt,11
01128.txt,0
01129.txt,11
01130.txt,13
01131.txt,17
01132.txt,13
01133.txt,3
01134.txt,17
01135.txt,36
01136.txt,25
01137.txt,8
01138.txt,7
01139.txt,0
01140.txt,2
01141.txt,0
01142.txt,35
01143.txt,11
01144.txt,16
01145.txt,3
01146.txt,23
01147.txt,31
01148.txt,10
01149.txt,14
01150.txt,13
01151.txt,2
01152.txt,3
01153.txt,14
01154.txt,3
01155.txt,10
01156.txt,26
01157.txt,2
01158.txt,6
01159.txt,3
01160.txt,53
01161.txt,10
01162.txt,2
01163.txt,9
01164.txt,6
01165.txt,30
01166.txt,20
01167.txt,11
01168.txt,11
01169.txt,22
01170.txt,7
01171.txt,3
01172.txt,40
01173.txt,0
01174.txt,0
01175.txt,7
01176.txt,13
01177.txt,24
01178.txt,3
01179.txt,3
01180.txt,11
01181.txt,7
01182.txt,3
01183.txt,0
01184.txt,95
01185.txt,16
01186.txt,8
01187.txt,14
01188.txt,9
01189.txt,4
01190.txt,32
01191.txt,3
01192.txt,2
01193.txt,1
01194.txt,4
01195.txt,7
01196.txt,2
01197.txt,4
01198.txt,0
01199.txt,5
01200.txt,1
01201.txt,1
01202.txt,8
01203.txt,9
01204.txt,32
01205.txt,19
01206.txt,16
01207.txt,49
01208.txt,9
01209.txt,6
01210.txt,9
01211.txt,30
01212.txt,14
01213.txt,0
01214.txt,9
01215.txt,20
01216.txt,5
01217.txt,4
01218.txt,8
01219.txt,19
01220.txt,18
01221.txt,5
01222.txt,6
01223.txt,15
01224.txt,6
01225.txt,8
01226.txt,2
01227.txt,12
01228.txt,198
01229.txt,15
01230.txt,0
01231.txt,24
01232.txt,19
01233.txt,5
01234.txt,12
01235.txt,22
01236.txt,23
01237.txt,2
01238.txt,83
01239.txt,16
01240.txt,4
01241.txt,37
01242.txt,3
01243.txt,17
01244.txt,4
01245.txt,10
01246.txt,32
01247.txt,2
01248.txt,10
01249.txt,9
01250.txt,9
01251.txt,14
01252.txt,7
01253.txt,6
01254.txt,4
01255.txt,0
01256.txt,59
01257.txt,0
01258.txt,19
01259.txt,5
01260.txt,0
01261.txt,21
01262.txt,2
01263.txt,3
01264.txt,1
01265.txt,15
01266.txt,5
01267.txt,0
01268.txt,2
01269.txt,5
01270.txt,9
01271.txt,16
01272.txt,34
01273.txt,10
01274.txt,16
01275.txt,2
01276.txt,26
01277.txt,13
01278.txt,21
01279.txt,33
01280.txt,3
01281.txt,11
01282.txt,38
01283.txt,22
01284.txt,4
01285.txt,8
01286.txt,13
01287.txt,13
01288.txt,16
01289.txt,13
01290.txt,18
01291.txt,2
01292.txt,17
01293.txt,7
01294.txt,19
01295.txt,26
01296.txt,22
01297.txt,49
01298.txt,0
01299.txt,1
01300.txt,1
01301.txt,22
01302.txt,3
01304.txt,2
01305.txt,4
01306.txt,59
01307.txt,2
01308.txt,1
01309.txt,57
01310.txt,19
01311.txt,13
01312.txt,6
01313.txt,6
01314.txt,1
01315.txt,3
01316.txt,2
01317.txt,0
01318.txt,3
01319.txt,14
01320.txt,8
01321.txt,93
01322.txt,4
01323.txt,34
01324.txt,12
01325.txt,9
01326.txt,87
01327.txt,5
01328.txt,21
01329.txt,1
01330.txt,21
01331.txt,24
01332.txt,0
01333.txt,12
01334.txt,11
01335.txt,15
01336.txt,22
01337.txt,21
01338.txt,1
01339.txt,27
01340.txt,23
01341.txt,15
01342.txt,5
01343.txt,18
01344.txt,18
01345.txt,7
01346.txt,34
01347.txt,18
01348.txt,17
01349.txt,40
01350.txt,52
01351.txt,7
01352.txt,7
01353.txt,20
01354.txt,11
01355.txt,13
01356.txt,41
01357.txt,1
01358.txt,3
01359.txt,5
01360.txt,8
01361.txt,4
01362.txt,13
01363.txt,0
01364.txt,27
01365.txt,8
01366.txt,1
01367.txt,8
01368.txt,3
01369.txt,9
01370.txt,2
01371.txt,34
01372.txt,8
01373.txt,5
01374.txt,15
01375.txt,5
01376.txt,27
01377.txt,2
01378.txt,6
01379.txt,6
01380.txt,26
01381.txt,23
01382.txt,0
01383.txt,31
01384.txt,26
01385.txt,21
01386.txt,13
01387.txt,6
01388.txt,7
01389.txt,8
01390.txt,17
01391.txt,5
01392.txt,1
01393.txt,9
01394.txt,2
01395.txt,1
01396.txt,6
01397.txt,99
01398.txt,30
01399.txt,24
01400.txt,10
01401.txt,3
01402.txt,11
01403.txt,0
01404.txt,13
01405.txt,109
01406.txt,8
01407.txt,7
01408.txt,11
01409.txt,9
01410.txt,34
01411.txt,14
01412.txt,9
01413.txt,9
01414.txt,17
01415.txt,26
01416.txt,3
01417.txt,13
01418.txt,9
01419.txt,16
01420.txt,26
01421.txt,7
01422.txt,10
01423.txt,3
01424.txt,5
01425.txt,52
01426.txt,8
01427.txt,3
01428.txt,41
01429.txt,8
01430.txt,14
01431.txt,1
01432.txt,15
01433.txt,14
01434.txt,2
01435.txt,3
01436.txt,21
01437.txt,0
01438.txt,16
01439.txt,9
01440.txt,4
01441.txt,19
01442.txt,29
01443.txt,9
01444.txt,12
01445.txt,30
01446.txt,23
01447.txt,29
01448.txt,221
01449.txt,29
01450.txt,16
01451.txt,6
01452.txt,26
01453.txt,14
01454.txt,14
01455.txt,3
01456.txt,12
01457.txt,10
01458.txt,12
01459.txt,12
01460.txt,59
01461.txt,21
01462.txt,21
01463.txt,75
01464.txt,28
01465.txt,28
01466.txt,84
01467.txt,9
01468.txt,9
01469.txt,12
01470.txt,9
01471.txt,15
01472.txt,3
01473.txt,63
01474.txt,12
01475.txt,27
01476.txt,67
01477.txt,60
01478.txt,60
01479.txt,56
01480.txt,18
01481.txt,84
01482.txt,84
01483.txt,22
01484.txt,22
01485.txt,28
01486.txt,28
01487.txt,21
01488.txt,21
01489.txt,20
01490.txt,20
01491.txt,9
01492.txt,15
01493.txt,15
01494.txt,23
01495.txt,23
01496.txt,23
01497.txt,23
01498.txt,121
01499.txt,3
01500.txt,14
01501.txt,1
01502.txt,5
01503.txt,33
01504.txt,7
01505.txt,13
01506.txt,1
01507.txt,7
01508.txt,1
01509.txt,3
01510.txt,9
01511.txt,4
01512.txt,20
01513.txt,5
01514.txt,3
01515.txt,8
01516.txt,42
01517.txt,1
01518.txt,30
01519.txt,77
01520.txt,14
01521.txt,14
01522.txt,6
01523.txt,7
01524.txt,0
01525.txt,3
01526.txt,4
01527.txt,8
01528.txt,80
01529.txt,1
01530.txt,2
01531.txt,2
01532.txt,19
01533.txt,9
01534.txt,12
01535.txt,13
01536.txt,16
01537.txt,57
01538.txt,3
01539.txt,4
01540.txt,24
01541.txt,6
01542.txt,13
01543.txt,0
01544.txt,6
01545.txt,3
01546.txt,7
01547.txt,14
01548.txt,0
01549.txt,17
01550.txt,4
01551.txt,122
01552.txt,19
01553.txt,2
01554.txt,1
01555.txt,19
01556.txt,10
01557.txt,8
01558.txt,17
01559.txt,7
01560.txt,20
01561.txt,6
01562.txt,0
01563.txt,4
01564.txt,29
01565.txt,63
01566.txt,2
01567.txt,4
01568.txt,4
01569.txt,4
01570.txt,5
01571.txt,3
01572.txt,21
01573.txt,0
01574.txt,8
01575.txt,0
01576.txt,5
01577.txt,12
01578.txt,4
01579.txt,6
01580.txt,6
01581.txt,6
01582.txt,2
01583.txt,5
01584.txt,1
01585.txt,0
01586.txt,26
01587.txt,10
01588.txt,8
01589.txt,1
01590.txt,49
01591.txt,5
01592.txt,17
01593.txt,6
01594.txt,1
01595.txt,8
01596.txt,15
01597.txt,20
01598.txt,3
01599.txt,23
01600.txt,34
01601.txt,5
01602.txt,20
01603.txt,5
01604.txt,1
01605.txt,10
01606.txt,3
01607.txt,15
01608.txt,4
01609.txt,48
01610.txt,11
01611.txt,8
01612.txt,15
01613.txt,17
01614.txt,15
01615.txt,24
01616.txt,3
01617.txt,65
01618.txt,13
01619.txt,7
01620.txt,16
01621.txt,3
01622.txt,2
01623.txt,0
01624.txt,10
01625.txt,25
01626.txt,2
01627.txt,9
01628.txt,10
01629.txt,3
01630.txt,2
01631.txt,2
01632.txt,33
01633.txt,2
01634.txt,12
01635.txt,76
01636.txt,7
01637.txt,7
01638.txt,18
01639.txt,3
01640.txt,17
01641.txt,33
01642.txt,27
01643.txt,8
01644.txt,45
01645.txt,4
01646.txt,2
01647.txt,23
01648.txt,0
01649.txt,1
01650.txt,2
01651.txt,0
01652.txt,1
01653.txt,2
01654.txt,21
01655.txt,46
01656.txt,3
01657.txt,4
01658.txt,42
01659.txt,11
01660.txt,3
01661.txt,2
01662.txt,13
01663.txt,10
01664.txt,18
01665.txt,126
01666.txt,0
01667.txt,8
01668.txt,6
01669.txt,9
01670.txt,0
01671.txt,5
01672.txt,5
01673.txt,29
01674.txt,48
01675.txt,3
01676.txt,6
01677.txt,16
01678.txt,1
01679.txt,12
01680.txt,7
01681.txt,0
01682.txt,0
01683.txt,29
01684.txt,16
01685.txt,0
01686.txt,0
01687.txt,3
01688.txt,6
01689.txt,9
01690.txt,4
01691.txt,6
01692.txt,0
01693.txt,3
01694.txt,6
01695.txt,53
01696.txt,15
01697.txt,43
01698.txt,2
01699.txt,7
01700.txt,2
01701.txt,16
01702.txt,11
01703.txt,21
01704.txt,14
01705.txt,9
01706.txt,36
01707.txt,16
01708.txt,0
01709.txt,0
01710.txt,0
01711.txt,13
01712.txt,9
01713.txt,9
01714.txt,8
01715.txt,2
01716.txt,3
01717.txt,4
01718.txt,1
01719.txt,7
01720.txt,2
01721.txt,3
01722.txt,3
01723.txt,7
01724.txt,25
01725.txt,14
01726.txt,35
01727.txt,2
01728.txt,3
01729.txt,15
01730.txt,6
01731.txt,1
01732.txt,6
01733.txt,2
01734.txt,6
01735.txt,8
01736.txt,34
01737.txt,13
01738.txt,54
01739.txt,14
01740.txt,4
01741.txt,17
01742.txt,62
01743.txt,5
01744.txt,16
01745.txt,2
01746.txt,37
01747.txt,70
01748.txt,3
01749.txt,1
01750.txt,36
01751.txt,18
01752.txt,10
01753.txt,3
01754.txt,2
01755.txt,10
01756.txt,39
01758.txt,30
01759.txt,1
01760.txt,13
01761.txt,7
01762.txt,16
01763.txt,1
01764.txt,6
01765.txt,16
01766.txt,6
01767.txt,1
01768.txt,12
01769.txt,0
01770.txt,2
01771.txt,14
01772.txt,9
01773.txt,0
01774.txt,3
01775.txt,26
01776.txt,8
01777.txt,58
01778.txt,19
01779.txt,32
01780.txt,2
01781.txt,5
01782.txt,18
01783.txt,2
01784.txt,18
01785.txt,6
01786.txt,3
01787.txt,26
01788.txt,13
01789.txt,1
01790.txt,52
01791.txt,7
01792.txt,9
01793.txt,2
01794.txt,9
01795.txt,20
01796.txt,9
01797.txt,7
01798.txt,0
01799.txt,4
01800.txt,70
01801.txt,1
01802.txt,14
01803.txt,11
01804.txt,6
01805.txt,20
01806.txt,56
01807.txt,8
01808.txt,3
01809.txt,6
01810.txt,6
01811.txt,20
01812.txt,29
01813.txt,21
01814.txt,2
01815.txt,12
01816.txt,0
01817.txt,9
01818.txt,2
01819.txt,24
01820.txt,6
01821.txt,9
01822.txt,29
01823.txt,3
01824.txt,45
01825.txt,30
01826.txt,11
01827.txt,0
01828.txt,36
01829.txt,15
01830.txt,0
01831.txt,48
01832.txt,10
01833.txt,1
01834.txt,9
01835.txt,4
01836.txt,9
01837.txt,5
01838.txt,7
01839.txt,20
01840.txt,30
01841.txt,6
01842.txt,8
01843.txt,7
01844.txt,16
01845.txt,2
01846.txt,2
01847.txt,20
01848.txt,3
01849.txt,20
01850.txt,38
01851.txt,0
01852.txt,4
01853.txt,1
01854.txt,10
01855.txt,48
01856.txt,23
01857.txt,1
01858.txt,9
01859.txt,7
01860.txt,9
01861.txt,7
01862.txt,1
01863.txt,3
01864.txt,8
01865.txt,252
01866.txt,0
01867.txt,41
01868.txt,27
01869.txt,2
01870.txt,5
01871.txt,3
01872.txt,2
01873.txt,6
01874.txt,2
01875.txt,24
01876.txt,17
01877.txt,0
01878.txt,3
01879.txt,18
01880.txt,6
01881.txt,0
01882.txt,14
01883.txt,45
01884.txt,4
01885.txt,0
01886.txt,8
01887.txt,2
01888.txt,9
01889.txt,6
01890.txt,1
01891.txt,1
01892.txt,7
01893.txt,1
01894.txt,24
01895.txt,0
01896.txt,92
01897.txt,18
01898.txt,5
01899.txt,8
01900.txt,3
01901.txt,8
01902.txt,61
01903.txt,0
01904.txt,6
01905.txt,12
01906.txt,5
01907.txt,1
01908.txt,8
01909.txt,35
01910.txt,17
01911.txt,3
01912.txt,17
01913.txt,37
01914.txt,5
01915.txt,5
01916.txt,11
01917.txt,3
01918.txt,1
01919.txt,4
01920.txt,23
01921.txt,6
01922.txt,24
01923.txt,14
01924.txt,16
01925.txt,6
01926.txt,13
01927.txt,7
01928.txt,0
01929.txt,8
01930.txt,18
01931.txt,7
01932.txt,5
01933.txt,13
01934.txt,56
01935.txt,12
01936.txt,2
01937.txt,5
01938.txt,2
01939.txt,5
01940.txt,53
01941.txt,7
01942.txt,2
01943.txt,17
01944.txt,10
01945.txt,4
01946.txt,11
01947.txt,3
01948.txt,5
01949.txt,1
01950.txt,0
01951.txt,43
01952.txt,7
01953.txt,1
01954.txt,14
01955.txt,23
01956.txt,2
01957.txt,4
01958.txt,14
01959.txt,2
01960.txt,8
01961.txt,0
01962.txt,6
01963.txt,71
01964.txt,0
01965.txt,6
01966.txt,40
01967.txt,6
01968.txt,13
01969.txt,3
01970.txt,22
01971.txt,5
01972.txt,25
01973.txt,9
01974.txt,3
01975.txt,12
01976.txt,42
01977.txt,0
01978.txt,5
01979.txt,7
01980.txt,6
01981.txt,5
01982.txt,15
01983.txt,7
01984.txt,25
01985.txt,1
01986.txt,28
01987.txt,15
01988.txt,5
01989.txt,0
01990.txt,11
01991.txt,0
01992.txt,23
01993.txt,25
01994.txt,59
01995.txt,2
01996.txt,14
01997.txt,0
01998.txt,43
01999.txt,4
02000.txt,7
02001.txt,2
02002.txt,20
02003.txt,29
02004.txt,8
02005.txt,13
02006.txt,4
02007.txt,22
02008.txt,29
02009.txt,7
02010.txt,15
02011.txt,10
02012.txt,5
02013.txt,88
02014.txt,12
02015.txt,28
02016.txt,10
02017.txt,6
02018.txt,3
02019.txt,34
02020.txt,6
02021.txt,26
02022.txt,0
02023.txt,1
02024.txt,3
02025.txt,9
02026.txt,7
02027.txt,1
02028.txt,11
02029.txt,3
02030.txt,0
02031.txt,19
02032.txt,2
02033.txt,11
02034.txt,3
02035.txt,1
02036.txt,0
02037.txt,3
02039.txt,20
02040.txt,85
02041.txt,5
02042.txt,9
02043.txt,5
02044.txt,7
02045.txt,3
02046.txt,3
02047.txt,13
02048.txt,3
02049.txt,1
02050.txt,18
02051.txt,2
02052.txt,1
02053.txt,5
02054.txt,15
02055.txt,246
02056.txt,0
02057.txt,15
02058.txt,69
02059.txt,2
02060.txt,12
02061.txt,2
02062.txt,0
02063.txt,34
02064.txt,0
02065.txt,12
02066.txt,2
02067.txt,5
02068.txt,5
02069.txt,2
02070.txt,11
02071.txt,0
02072.txt,12
02073.txt,1
02075.txt,8
02076.txt,5
02077.txt,2
02078.txt,1
02079.txt,42
02080.txt,2
02081.txt,0
02082.txt,1
02083.txt,9
02084.txt,2
02085.txt,23
02086.txt,1
02087.txt,3
02088.txt,10
02089.txt,10
02090.txt,6
02091.txt,10
02092.txt,5
02093.txt,14
02094.txt,21
02095.txt,2
02097.txt,11
02098.txt,3
02099.txt,19
02100.txt,50
02101.txt,1
02102.txt,13
02103.txt,16
02104.txt,1
02105.txt,10
02106.txt,31
02107.txt,1
02108.txt,3
02109.txt,1
02110.txt,4
02111.txt,5
02113.txt,8
02114.txt,107
02115.txt,0
02117.txt,4
02118.txt,2
02119.txt,7
02120.txt,3
02121.txt,40
02122.txt,2
02123.txt,0
02124.txt,2
02125.txt,9
02126.txt,1
02127.txt,39
02128.txt,2
02130.txt,1
02131.txt,25
02132.txt,0
02133.txt,5
02135.txt,0
02136.txt,8
02137.txt,14
02138.txt,13
02139.txt,3
02140.txt,10
02141.txt,3
02142.txt,3
02144.txt,6
02145.txt,9
02147.txt,109
02148.txt,5
02149.txt,1
02150.txt,9
02151.txt,0
02152.txt,12
02153.txt,33
02154.txt,4
02155.txt,3
02157.txt,7
02158.txt,4
02159.txt,1
02160.txt,7
02161.txt,23
02162.txt,20
02163.txt,9
02164.txt,1
02165.txt,4
02166.txt,3
02168.txt,11
02169.txt,1
02170.txt,14
02171.txt,2
02172.txt,1
02173.txt,0
02174.txt,6
02175.txt,25
02176.txt,0
02177.txt,18
02178.txt,6
02179.txt,16
02180.txt,49
02181.txt,50
02182.txt,6
02183.txt,5
02184.txt,0
02185.txt,2
02186.txt,12
02187.txt,0
02188.txt,10
02189.txt,7
02190.txt,7
02191.txt,1
02192.txt,26
02193.txt,7
02194.txt,1
02195.txt,17
02196.txt,28
02197.txt,3
02198.txt,5
02199.txt,7
02200.txt,15
02201.txt,7
02202.txt,8
02203.txt,17
02204.txt,9
02205.txt,8
02207.txt,15
02208.txt,22
02209.txt,8
02210.txt,17
02211.txt,7
02212.txt,2
02213.txt,6
02214.txt,9
02215.txt,2
02216.txt,6
02217.txt,30
02218.txt,3
02219.txt,16
02220.txt,3
02221.txt,11
02222.txt,9
02223.txt,4
02224.txt,26
02225.txt,18
02226.txt,4
02227.txt,0
02228.txt,17
02229.txt,20
02230.txt,0
02231.txt,17
02232.txt,9
02233.txt,0
02234.txt,1
02235.txt,24
02236.txt,5
02237.txt,8
02238.txt,0
02239.txt,9
02240.txt,5
02241.txt,9
02242.txt,1
02243.txt,39
02244.txt,3
02245.txt,3
02246.txt,10
02247.txt,2
02248.txt,21
02249.txt,0
02250.txt,24
02251.txt,48
02252.txt,0
02253.txt,12
02254.txt,18
02255.txt,6
02256.txt,5
02258.txt,8
02259.txt,19
02260.txt,0
02261.txt,12
02262.txt,8
02263.txt,3
02264.txt,11
02265.txt,7
02267.txt,5
02268.txt,8
02269.txt,12
02270.txt,4
02271.txt,13
02273.txt,12
02274.txt,8
02276.txt,8
02277.txt,8
02279.txt,3
02280.txt,21
02281.txt,21
02282.txt,5
02283.txt,0
02284.txt,9
02285.txt,7
02286.txt,6
02287.txt,83
02288.txt,0
02289.txt,0
02290.txt,9
02291.txt,17
02292.txt,6
02294.txt,25
02295.txt,2
02296.txt,7
02297.txt,0
02298.txt,14
02299.txt,17
02301.txt,19
02302.txt,13
02303.txt,83
02304.txt,2
02305.txt,4
02306.txt,5
02307.txt,86
02308.txt,1
02309.txt,0
02310.txt,5
02311.txt,3
02312.txt,3
02313.txt,0
02314.txt,0
02315.txt,26
02316.txt,18
02317.txt,2
02319.txt,2
02320.txt,6
02321.txt,23
02322.txt,9
02323.txt,5
02324.txt,35
02325.txt,14
02326.txt,1
02328.txt,5
02329.txt,13
02330.txt,17
02331.txt,0
02332.txt,1
02333.txt,24
02334.txt,6
02335.txt,9
02337.txt,8
02338.txt,6
02339.txt,11
02341.txt,2
02342.txt,1
02343.txt,6
02344.txt,11
02345.txt,6
02346.txt,5
02348.txt,13
02349.txt,2
02350.txt,3
02351.txt,24
02352.txt,31
02353.txt,0
02354.txt,3
02355.txt,24
02356.txt,3
02357.txt,10
02358.txt,1
02359.txt,31
02360.txt,8
02361.txt,25
02362.txt,4
02363.txt,10
02364.txt,68
02365.txt,3
02366.txt,10
02368.txt,1
02369.txt,1
02370.txt,20
02371.txt,6
02372.txt,1
02373.txt,2
02374.txt,131
02375.txt,14
02376.txt,10
02377.txt,11
02378.txt,1
02379.txt,11
02380.txt,2
02381.txt,0
02382.txt,12
02383.txt,4
02384.txt,19
02385.txt,6
02386.txt,5
02387.txt,6
02388.txt,5
02389.txt,3
02390.txt,18
02391.txt,6
02392.txt,24
02393.txt,0
02394.txt,2
02396.txt,14
02397.txt,4
02398.txt,20
02399.txt,41
02401.txt,8
02402.txt,3
02403.txt,19
02404.txt,9
02405.txt,1
02406.txt,14
02407.txt,26
02408.txt,1
02409.txt,3
02410.txt,7
02411.txt,0
02412.txt,0
02413.txt,34
02414.txt,1
02415.txt,11
02416.txt,12
02417.txt,2
02418.txt,0
02419.txt,18
02421.txt,8
02422.txt,3
02423.txt,0
02424.txt,61
02425.txt,0
02426.txt,8
02427.txt,8
02429.txt,3
02430.txt,0
02431.txt,7
02432.txt,11
02433.txt,17
02434.txt,9
02435.txt,2
02436.txt,14
02437.txt,0
02438.txt,2
02439.txt,40
02440.txt,3
02441.txt,22
02442.txt,85
02443.txt,7
02444.txt,4
02445.txt,5
02446.txt,4
02447.txt,18
02448.txt,28
02449.txt,10
02450.txt,11
02451.txt,13
02452.txt,18
02453.txt,2
02454.txt,33
02455.txt,19
02456.txt,24
02457.txt,0
02458.txt,6
02459.txt,4
02460.txt,6
02461.txt,72
02462.txt,20
02463.txt,2
02464.txt,8
02465.txt,4
02466.txt,3
02467.txt,4
02468.txt,50
02469.txt,6
02470.txt,2
02471.txt,64
02472.txt,2
02473.txt,3
02474.txt,14
02475.txt,29
02476.txt,3
02477.txt,11
02478.txt,0
02479.txt,11
02480.txt,8
02481.txt,3
02482.txt,5
02483.txt,4
02484.txt,3
02485.txt,16
02486.txt,1
02487.txt,2
02488.txt,7
02489.txt,5
02490.txt,21
02491.txt,2
02492.txt,2
02493.txt,0
02494.txt,0
02495.txt,49
02496.txt,1
02497.txt,115
02498.txt,54
02499.txt,9
02500.txt,5
02501.txt,11
02502.txt,1
02503.txt,4
02504.txt,1
02505.txt,3
02506.txt,10
02507.txt,4
02508.txt,120
02509.txt,104
02510.txt,0
02511.txt,1
02512.txt,13
02513.txt,54
02514.txt,0
02515.txt,0
02516.txt,27
02517.txt,1
02518.txt,1
02519.txt,10
02520.txt,4
02521.txt,4
02522.txt,2
02523.txt,5
02524.txt,28
02525.txt,0
02526.txt,18
02527.txt,0
02528.txt,1
02529.txt,29
02530.txt,0
02531.txt,37
02532.txt,11
02533.txt,27
02535.txt,2
02536.txt,16
02537.txt,12
02538.txt,0
02539.txt,5
02540.txt,5
02541.txt,24
02542.txt,2
02543.txt,4
02544.txt,5
02545.txt,2
02547.txt,5
02548.txt,21
02550.txt,1
02551.txt,18
02552.txt,18
02553.txt,10
02554.txt,55
02555.txt,5
02556.txt,3
02557.txt,2
02558.txt,47
02559.txt,10
02560.txt,4
02561.txt,12
02562.txt,1
02564.txt,3
02565.txt,0
02566.txt,20
02567.txt,0
02568.txt,16
02570.txt,3
02571.txt,12
02572.txt,1
02573.txt,2
02574.txt,75
02575.txt,3
02576.txt,3
02577.txt,13
02578.txt,1
02579.txt,1
02580.txt,6
02581.txt,3
02582.txt,3
02583.txt,0
02584.txt,4
02585.txt,1
02586.txt,1
02587.txt,0
02588.txt,6
02589.txt,0
02590.txt,8
02591.txt,0
02592.txt,26
02593.txt,4
02595.txt,4
02596.txt,3
02597.txt,28
02598.txt,9
02599.txt,0
02600.txt,0
02601.txt,10
02602.txt,2
02603.txt,11
02604.txt,1
02605.txt,11
02606.txt,1
02607.txt,3
02608.txt,4
02609.txt,22
02610.txt,8
02611.txt,0
02612.txt,21
02613.txt,9
02614.txt,7
02615.txt,2
02616.txt,45
02617.txt,11
02618.txt,9
02619.txt,1
02620.txt,15
02621.txt,77
02622.txt,4
02623.txt,0
02624.txt,1
02625.txt,46
02626.txt,3
02627.txt,15
02628.txt,4
02629.txt,1
02630.txt,6
02631.txt,3
02632.txt,1
02633.txt,2
02634.txt,1
02635.txt,6
02636.txt,0
02637.txt,5
02639.txt,0
02640.txt,9
02641.txt,4
02642.txt,1
02643.txt,8
02644.txt,9
02645.txt,4
02646.txt,4
02647.txt,11
02648.txt,0
02649.txt,8
02650.txt,1
02651.txt,2
02653.txt,13
02654.txt,0
02655.txt,15
02656.txt,4
02657.txt,10
02658.txt,6
02659.txt,11
02660.txt,0
02661.txt,1
02662.txt,0
02663.txt,15
02664.txt,34
02665.txt,1
02666.txt,7
02667.txt,2
02668.txt,29
02669.txt,2
02670.txt,14
02671.txt,6
02672.txt,6
02673.txt,1
02674.txt,5
02675.txt,15
02676.txt,1
02677.txt,3
02678.txt,12
02679.txt,1
02680.txt,49
02681.txt,5
02682.txt,6
02683.txt,13
02684.txt,2
02685.txt,5
02686.txt,22
02687.txt,7
02688.txt,21
02689.txt,1
02690.txt,30
02691.txt,17
02692.txt,16
02693.txt,18
02694.txt,0
02695.txt,15
02696.txt,0
02697.txt,12
02698.txt,20
02699.txt,0
02700.txt,12
02701.txt,8
02702.txt,7
02703.txt,1
02704.txt,66
02705.txt,0
02706.txt,12
02707.txt,36
02708.txt,5
02709.txt,0
02710.txt,2
02711.txt,5
02712.txt,1
02713.txt,4
02714.txt,81
02715.txt,5
02716.txt,18
02717.txt,1
02718.txt,2
02719.txt,0
02720.txt,32
02721.txt,6
02722.txt,0
02723.txt,12
02724.txt,11
02725.txt,8
02726.txt,10
02727.txt,6
02728.txt,6
02729.txt,13
02730.txt,0
02731.txt,74
02732.txt,7
02733.txt,10
02734.txt,4
02735.txt,5
02736.txt,4
02737.txt,2
02738.txt,1
02739.txt,5
02740.txt,4
02741.txt,3
02742.txt,6
02743.txt,25
02744.txt,1
02745.txt,9
02746.txt,0
02747.txt,3
02748.txt,3
02749.txt,3
02750.txt,11
02751.txt,12
02752.txt,3
02753.txt,20
02754.txt,1
02755.txt,0
02756.txt,0
02757.txt,33
02758.txt,0
02759.txt,5
02760.txt,3
02761.txt,2
02762.txt,1
02763.txt,12
02764.txt,8
02765.txt,3
02766.txt,3
02767.txt,9
02768.txt,1
02769.txt,28
02770.txt,3
02771.txt,3
02772.txt,0
02773.txt,33
02774.txt,3
02775.txt,4
02776.txt,2
02777.txt,2
02778.txt,71
02779.txt,1
02780.txt,24
02781.txt,3
02782.txt,1
02783.txt,1
02784.txt,30
02785.txt,6
02786.txt,0
02787.txt,3
02788.txt,10
02789.txt,12
02790.txt,22
02791.txt,4
02792.txt,16
02793.txt,17
02794.txt,2
02795.txt,26
02796.txt,0
02797.txt,76
02798.txt,13
02799.txt,8
02800.txt,7
02801.txt,4
02802.txt,7
02803.txt,28
02804.txt,0
02805.txt,12
02806.txt,35
02807.txt,2
02808.txt,0
02809.txt,36
02810.txt,81
02811.txt,11
02812.txt,9
02813.txt,3
02814.txt,12
02815.txt,1
02816.txt,0
02817.txt,20
02818.txt,1
02819.txt,48
02820.txt,7
02821.txt,1
02822.txt,4
02823.txt,4
02824.txt,0
02825.txt,12
02826.txt,12
02827.txt,59
02828.txt,11
02829.txt,4
02830.txt,1
02831.txt,6
02832.txt,185
02833.txt,5
02834.txt,19
02835.txt,9
02837.txt,8
02838.txt,9
02839.txt,27
02840.txt,108
02842.txt,3
02843.txt,6
02844.txt,7
02845.txt,9
02846.txt,13
02847.txt,3
02848.txt,2
02849.txt,25
02850.txt,0
02851.txt,23
02852.txt,3
02853.txt,4
02854.txt,28
02855.txt,6
02856.txt,9
02857.txt,7
02858.txt,6
02859.txt,12
02860.txt,10
02861.txt,4
02862.txt,3
02863.txt,3
02864.txt,15
02865.txt,6
02866.txt,19
02867.txt,32
02868.txt,12
02869.txt,9
02870.txt,6
02871.txt,20
02872.txt,11
02873.txt,16
02874.txt,2
02875.txt,3
02876.txt,6
02877.txt,19
02878.txt,4
02879.txt,1
02880.txt,59
02881.txt,3
02882.txt,6
02883.txt,10
02884.txt,8
02885.txt,16
02886.txt,3
02887.txt,0
02888.txt,0
02889.txt,3
02890.txt,8
02891.txt,2
02892.txt,19
02893.txt,0
02894.txt,8
02895.txt,3
02896.txt,0
02897.txt,12
02898.txt,10
02899.txt,8
02900.txt,12
02902.txt,5
02903.txt,8
02904.txt,7
02905.txt,2
02906.txt,1
02907.txt,3
02908.txt,19
02909.txt,51
02910.txt,0
02911.txt,6
02912.txt,8
02913.txt,24
02914.txt,2
02915.txt,0
02916.txt,14
02917.txt,3
02918.txt,33
02919.txt,6
02920.txt,27
02921.txt,0
02922.txt,7
02923.txt,6
02924.txt,44
02925.txt,0
02926.txt,7
02928.txt,16
02929.txt,5
02930.txt,0
02931.txt,15
02933.txt,32
02934.txt,0
02935.txt,2
02936.txt,0
02937.txt,8
02938.txt,4
02939.txt,3
02940.txt,40
02942.txt,2
02943.txt,8
02944.txt,1
02945.txt,33
02946.txt,31
02947.txt,2
02948.txt,7
02949.txt,1
02951.txt,0
02952.txt,4
02954.txt,7
02955.txt,10
02956.txt,36
02957.txt,6
02958.txt,35
02959.txt,1
02960.txt,53
02961.txt,12
02962.txt,3
02963.txt,9
02964.txt,1
02965.txt,52
02966.txt,9
02967.txt,6
02968.txt,2
02969.txt,5
02970.txt,0
02971.txt,4
02972.txt,0
02973.txt,10
02974.txt,1
02975.txt,54
02976.txt,5
02977.txt,3
02978.txt,6
02979.txt,11
02980.txt,11
02981.txt,1
02982.txt,2
02983.txt,10
02984.txt,6
02985.txt,27
02986.txt,7
02987.txt,0
02988.txt,4
02989.txt,0
02990.txt,9
02991.txt,21
02992.txt,10
02993.txt,1
02994.txt,2
02995.txt,1
02996.txt,3
02997.txt,6
02998.txt,5
02999.txt,0
03000.txt,4
03001.txt,10
03002.txt,0
03003.txt,3
03004.txt,7
03005.txt,8
03006.txt,26
03007.txt,0
03008.txt,3
03009.txt,12
03010.txt,12
03011.txt,2
03012.txt,1
03013.txt,8
03014.txt,5
03015.txt,6
03016.txt,10
03017.txt,5
03018.txt,135
03019.txt,1
03020.txt,2
03021.txt,2
03022.txt,2
03023.txt,15
03024.txt,4
03025.txt,25
03026.txt,0
03027.txt,3
03028.txt,19
03029.txt,33
03030.txt,73
03031.txt,6
03032.txt,11
03033.txt,5
03034.txt,8
03035.txt,2
03036.txt,4
03037.txt,30
03038.txt,10
03039.txt,4
03040.txt,1
03041.txt,0
03042.txt,5
03043.txt,8
03044.txt,3
03045.txt,0
03046.txt,3
03047.txt,9
03048.txt,3
03049.txt,6
03050.txt,1
03051.txt,3
03052.txt,0
03054.txt,14
03055.txt,5
03056.txt,2
03057.txt,20
03058.txt,18
03059.txt,15
03060.txt,31
03061.txt,6
03062.txt,12
03063.txt,3
03064.txt,1
03065.txt,29
03066.txt,1
03067.txt,1
03068.txt,2
03069.txt,2
03070.txt,6
03071.txt,8
03072.txt,0
03073.txt,0
03074.txt,6
03075.txt,4
03076.txt,2
03077.txt,6
03078.txt,8
03079.txt,138
03080.txt,0
03081.txt,3
03082.txt,4
03083.txt,15
03084.txt,10
03085.txt,47
03086.txt,1
03087.txt,5
03088.txt,5
03089.txt,0
03090.txt,12
03091.txt,0
03092.txt,3
03093.txt,2
03094.txt,0
03095.txt,7
03096.txt,16
03097.txt,6
03098.txt,15
03099.txt,5
03100.txt,13
03101.txt,1
03102.txt,11
03103.txt,8
03104.txt,0
03105.txt,5
03106.txt,21
03107.txt,21
03108.txt,9
03109.txt,15
03110.txt,7
03111.txt,6
03112.txt,2
03113.txt,2
03114.txt,0
03115.txt,6
03116.txt,3
03117.txt,4
03118.txt,4
03119.txt,23
03120.txt,12
03121.txt,1
03122.txt,8
03123.txt,0
03124.txt,6
03125.txt,3
03126.txt,7
03127.txt,4
03128.txt,18
03129.txt,4
03130.txt,3
03131.txt,11
03132.txt,0
03133.txt,11
03134.txt,15
03135.txt,0
03136.txt,7
03137.txt,6
03138.txt,11
03139.txt,1
03140.txt,0
03141.txt,22
03142.txt,1
03144.txt,4
03145.txt,2
03146.txt,3
03147.txt,20
03148.txt,10
03149.txt,16
03150.txt,20
03151.txt,8
03152.txt,5
03153.txt,2
03154.txt,5
03155.txt,2
03156.txt,7
03157.txt,23
03158.txt,3
03159.txt,27
03160.txt,29
03161.txt,4
03162.txt,3
03163.txt,0
03164.txt,24
03165.txt,6
03166.txt,3
03167.txt,18
03168.txt,8
03169.txt,1
03170.txt,67
03171.txt,18
03172.txt,11
03173.txt,17
03174.txt,12
03175.txt,6
03176.txt,0
03177.txt,3
03178.txt,23
03179.txt,10
03180.txt,5
03181.txt,22
03182.txt,3
03183.txt,0
03184.txt,13
03185.txt,2
03186.txt,4
03187.txt,1
03188.txt,0
03189.txt,28
03190.txt,22
03191.txt,33
03192.txt,1
03193.txt,8
03194.txt,15
03195.txt,12
03196.txt,4
03197.txt,0
03198.txt,0
03199.txt,15
03200.txt,21
03201.txt,20
03202.txt,2
03203.txt,43
03204.txt,15
03205.txt,14
03206.txt,1
03207.txt,5
03208.txt,5
03209.txt,0
03210.txt,12
03211.txt,0
03212.txt,8
03213.txt,13
03214.txt,6
03215.txt,22
03216.txt,10
03217.txt,7
03218.txt,6
03219.txt,2
03220.txt,2
03221.txt,2
03222.txt,9
03223.txt,14
03224.txt,1
03225.txt,13
03226.txt,0
03227.txt,24
03228.txt,3
03229.txt,3
03230.txt,9
03231.txt,3
03232.txt,1
03233.txt,3
03234.txt,0
03235.txt,2
03236.txt,0
03237.txt,8
03238.txt,22
03239.txt,9
03240.txt,7
03241.txt,19
03242.txt,8
03243.txt,0
03245.txt,4
03246.txt,3
03247.txt,1
03248.txt,2
03249.txt,1
03250.txt,2
03251.txt,0
03252.txt,13
03253.txt,10
03254.txt,4
03255.txt,3
03257.txt,22
03258.txt,9
03259.txt,1
03260.txt,12
03261.txt,4
03262.txt,8
03263.txt,18
03264.txt,13
03265.txt,1
03266.txt,5
03267.txt,2
03268.txt,7
03269.txt,0
03270.txt,10
03271.txt,14
03272.txt,0
03273.txt,12
03274.txt,80
03275.txt,0
03276.txt,6
03277.txt,4
03278.txt,35
03279.txt,23
03280.txt,66
03281.txt,2
03282.txt,0
03283.txt,5
03284.txt,5
03285.txt,14
03286.txt,8
03287.txt,8
03288.txt,0
03289.txt,2
03290.txt,9
03291.txt,1
03292.txt,14
03293.txt,4
03294.txt,4
03295.txt,13
03296.txt,5
03297.txt,4
03298.txt,7
03299.txt,8
03300.txt,0
03301.txt,20
03302.txt,11
03303.txt,7
03304.txt,1
03306.txt,0
03307.txt,8
03308.txt,3
03309.txt,128
03310.txt,0
03311.txt,96
03312.txt,58
03313.txt,14
03314.txt,3
03315.txt,0
03316.txt,21
03317.txt,12
03318.txt,7
03319.txt,17
03320.txt,0
03321.txt,56
03322.txt,0
03323.txt,0
03324.txt,7
03325.txt,4
03326.txt,0
03327.txt,6
03328.txt,0
03329.txt,38
03331.txt,32
03332.txt,13
03333.txt,0
03334.txt,2
03335.txt,13
03336.txt,2
03337.txt,9
03338.txt,4
03339.txt,6
03340.txt,5
03341.txt,18
03342.txt,2
03344.txt,83
03345.txt,2
03346.txt,7
03347.txt,0
03348.txt,9
03349.txt,1
03350.txt,5
03351.txt,11
03352.txt,4
03353.txt,1
03354.txt,36
03355.txt,8
03356.txt,8
03357.txt,61
03358.txt,11
03359.txt,6
03360.txt,10
03361.txt,5
03362.txt,0
03363.txt,18
03364.txt,2
03365.txt,17
03366.txt,47
03367.txt,9
03368.txt,3
03369.txt,5
03370.txt,15
03371.txt,5
03372.txt,5
03373.txt,7
03374.txt,92
03375.txt,0
03376.txt,16
03377.txt,8
03378.txt,0
03379.txt,6
03380.txt,5
03382.txt,13
03383.txt,12
03384.txt,8
03385.txt,6
03386.txt,46
03387.txt,5
03388.txt,23
03389.txt,3
03390.txt,6
03391.txt,31
03392.txt,2
03393.txt,4
03395.txt,1
03396.txt,11
03397.txt,2
03398.txt,2
03399.txt,4
03400.txt,6
03401.txt,80
03402.txt,1
03403.txt,25
03404.txt,39
03405.txt,0
03406.txt,1
03407.txt,16
03408.txt,6
03410.txt,12
03411.txt,4
03412.txt,3
03413.txt,9
03414.txt,15
03415.txt,413
03416.txt,0
03417.txt,17
03418.txt,4
03419.txt,3
03421.txt,8
03422.txt,18
03423.txt,12
03424.txt,4
03425.txt,11
03426.txt,12
03427.txt,12
03428.txt,33
03429.txt,1
03430.txt,7
03431.txt,4
03432.txt,50
03433.txt,3
03434.txt,10
03435.txt,33
03436.txt,11
03437.txt,2
03438.txt,4
03439.txt,4
03440.txt,19
03442.txt,12
03443.txt,6
03444.txt,3
03445.txt,0
03446.txt,8
03447.txt,12
03448.txt,4
03449.txt,5
03450.txt,2
03451.txt,4
03452.txt,5
03453.txt,13
03454.txt,3
03455.txt,3
03456.txt,12
03457.txt,0
03458.txt,160
03459.txt,8
03460.txt,6
03461.txt,45
03462.txt,26
03463.txt,22
03464.txt,3
03465.txt,15
03466.txt,5
03467.txt,7
03468.txt,10
03469.txt,16
03470.txt,0
03471.txt,1
03472.txt,2
03473.txt,7
03474.txt,14
03475.txt,11
03476.txt,2
03477.txt,2
03478.txt,0
03479.txt,6
03480.txt,53
03481.txt,8
03482.txt,11
03483.txt,3
03484.txt,1
03485.txt,19
03486.txt,6
03487.txt,16
03488.txt,6
03489.txt,3
03490.txt,1
03491.txt,4
03492.txt,6
03493.txt,6
03494.txt,1
03495.txt,3
03496.txt,0
03497.txt,13
03498.txt,7
03499.txt,0
03500.txt,1
03501.txt,24
03502.txt,17
03503.txt,2
03504.txt,8
03505.txt,14
03506.txt,0
03507.txt,5
03508.txt,125
03509.txt,58
03510.txt,3
03511.txt,0
03512.txt,7
03513.txt,0
03514.txt,7
03515.txt,3
03516.txt,3
03517.txt,3
03518.txt,12
03519.txt,7
03520.txt,14
03521.txt,6
03522.txt,4
03523.txt,1
03524.txt,4
03525.txt,5
03526.txt,40
03527.txt,15
03528.txt,23
03529.txt,4
03530.txt,2
03531.txt,13
03532.txt,74
03533.txt,39
03534.txt,3
03535.txt,13
03536.txt,0
03537.txt,5
03538.txt,3
03539.txt,6
03540.txt,1
03541.txt,5
03542.txt,15
03543.txt,23
03544.txt,39
03545.txt,6
03546.txt,4
03547.txt,1
03548.txt,11
03549.txt,6
03550.txt,3
03551.txt,6
03552.txt,14
03553.txt,2
03554.txt,503
03555.txt,9
03556.txt,6
03558.txt,0
03559.txt,0
03560.txt,25
03561.txt,7
03562.txt,6
03563.txt,9
03564.txt,1
03565.txt,4
03566.txt,7
03567.txt,4
03568.txt,14
03569.txt,5
03570.txt,29
03571.txt,9
03572.txt,1
03573.txt,3
03574.txt,7
03575.txt,5
03576.txt,5
03577.txt,4
03578.txt,30
03579.txt,0
03580.txt,6
03581.txt,13
03582.txt,8
03583.txt,9
03584.txt,9
03585.txt,11
03586.txt,5
03587.txt,13
03588.txt,7
03589.txt,1
03590.txt,8
03591.txt,6
03592.txt,1
03593.txt,2
03594.txt,1
03595.txt,3
03596.txt,1
03597.txt,0
03598.txt,3
03599.txt,2
03600.txt,2
03601.txt,5
03602.txt,4
03603.txt,10
03604.txt,40
03605.txt,3
03606.txt,48
03607.txt,1
03608.txt,1
03609.txt,4
03610.txt,19
03611.txt,25
03612.txt,59
03613.txt,9
03614.txt,3
03615.txt,2
03616.txt,5
03617.txt,1
03618.txt,1
03619.txt,2
03620.txt,22
03621.txt,16
03622.txt,6
03623.txt,7
03624.txt,7
03625.txt,1
03626.txt,6
03627.txt,2
03628.txt,21
03630.txt,5
03631.txt,11
03632.txt,1
03633.txt,12
03634.txt,2
03635.txt,20
03636.txt,10
03637.txt,8
03638.txt,37
03639.txt,0
03640.txt,0
03641.txt,3
03642.txt,7
03643.txt,39
03644.txt,4
03645.txt,2
03646.txt,6
03647.txt,2
03648.txt,1
03649.txt,8
03650.txt,2
03651.txt,9
03652.txt,15
03653.txt,5
03654.txt,0
03655.txt,1
03656.txt,3
03657.txt,7
03658.txt,2
03659.txt,0
03660.txt,16
03661.txt,15
03662.txt,0
03663.txt,5
03664.txt,4
03665.txt,5
03667.txt,0
03668.txt,8
03669.txt,8
03670.txt,5
03671.txt,9
03672.txt,5
03673.txt,3
03674.txt,4
03675.txt,5
03676.txt,5
03677.txt,8
03678.txt,16
03679.txt,1
03680.txt,3
03681.txt,5
03683.txt,6
03684.txt,9
03685.txt,5
03686.txt,9
03687.txt,1
03688.txt,0
03689.txt,19
03690.txt,4
03691.txt,2
03692.txt,3
03693.txt,2
03694.txt,15
03695.txt,6
03696.txt,4
03697.txt,12
03698.txt,3
03699.txt,3
03700.txt,2
03701.txt,8
03702.txt,17
03703.txt,5
03704.txt,4
03705.txt,8
03706.txt,2
03707.txt,0
03708.txt,6
03709.txt,4
03710.txt,0
03711.txt,23
03712.txt,3
03713.txt,1
03714.txt,8
03715.txt,4
03716.txt,70
03717.txt,14
03718.txt,17
03719.txt,41
03720.txt,1
03721.txt,14
03722.txt,5
03723.txt,11
03724.txt,3
03725.txt,7
03726.txt,7
03727.txt,8
03728.txt,21
03729.txt,16
03730.txt,2
03731.txt,4
03732.txt,3
03733.txt,42
03734.txt,11
03735.txt,1
03736.txt,10
03737.txt,15
03738.txt,2
03739.txt,2
03740.txt,4
03741.txt,8
03742.txt,5
03743.txt,7
03744.txt,0
03745.txt,17
03746.txt,24
03747.txt,2
03748.txt,3
03749.txt,31
03750.txt,1
03751.txt,14
03752.txt,24
03753.txt,7
03754.txt,7
03755.txt,19
03756.txt,0
03757.txt,7
03758.txt,13
03759.txt,12
03760.txt,2
03761.txt,14
03762.txt,8
03763.txt,3
03764.txt,4
03765.txt,60
03766.txt,6
03767.txt,9
03768.txt,6
03769.txt,55
03770.txt,8
03771.txt,1
03772.txt,0
03773.txt,29
03774.txt,14
03775.txt,0
03776.txt,4
03777.txt,56
03778.txt,130
03779.txt,2
03780.txt,10
03781.txt,8
03782.txt,4
03783.txt,1
03784.txt,1
03785.txt,22
03786.txt,0
03787.txt,0
03788.txt,2
03789.txt,7
03790.txt,4
03791.txt,8
03792.txt,6
03793.txt,1
03795.txt,10
03796.txt,9
03797.txt,4
03798.txt,12
03799.txt,7
03800.txt,13
03801.txt,16
03802.txt,4
03803.txt,23
03805.txt,6
03806.txt,13
03807.txt,2
03808.txt,17
03809.txt,9
03810.txt,3
03811.txt,4
03812.txt,3
03813.txt,4
03814.txt,16
03815.txt,6
03816.txt,9
03817.txt,14
03818.txt,8
03820.txt,68
03821.txt,0
03822.txt,2
03823.txt,0
03824.txt,4
03825.txt,27
03826.txt,8
03827.txt,0
03828.txt,19
03829.txt,3
03830.txt,2
03831.txt,7
03832.txt,1
03833.txt,6
03834.txt,24
03835.txt,9
03836.txt,42
03837.txt,4
03838.txt,9
03839.txt,1
03840.txt,2
03841.txt,7
03842.txt,28
03843.txt,1
03844.txt,2
03845.txt,0
03846.txt,26
03847.txt,30
03848.txt,9
03849.txt,5
03850.txt,8
03851.txt,7
03852.txt,1
03853.txt,0
03854.txt,10
03857.txt,3
03858.txt,7
03859.txt,2
03860.txt,8
03861.txt,13
03862.txt,2
03863.txt,1
03864.txt,14
03865.txt,0
03866.txt,3
03867.txt,1
03868.txt,74
03869.txt,5
03870.txt,7
03871.txt,2
03872.txt,14
03874.txt,2
03875.txt,8
03876.txt,1
03877.txt,79
03878.txt,0
03879.txt,4
03880.txt,9
03882.txt,9
03883.txt,9
03884.txt,6
03885.txt,65
03886.txt,1
03887.txt,0
03888.txt,8
03889.txt,11
03890.txt,4
03891.txt,36
03892.txt,0
03893.txt,7
03894.txt,36
03895.txt,0
03896.txt,24
03897.txt,0
03898.txt,12
03899.txt,11
03900.txt,4
03901.txt,3
03902.txt,2
03903.txt,9
03904.txt,40
03905.txt,5
03906.txt,3
03907.txt,4
03908.txt,58
03909.txt,14
03910.txt,12
03911.txt,11
03912.txt,33
03913.txt,1
03914.txt,8
03915.txt,1
03916.txt,3
03917.txt,1
03918.txt,2
03919.txt,5
03920.txt,8
03921.txt,5
03922.txt,19
03923.txt,2
03924.txt,0
03925.txt,1
03926.txt,15
03927.txt,2
03928.txt,5
03929.txt,7
03930.txt,11
03931.txt,19
03932.txt,4
03933.txt,2
03934.txt,2
03935.txt,12
03936.txt,0
03937.txt,14
03938.txt,9
03939.txt,118
03941.txt,3
03942.txt,14
03943.txt,6
03944.txt,5
03945.txt,43
03946.txt,10
03947.txt,27
03948.txt,1
03949.txt,6
03950.txt,1
03951.txt,62
03952.txt,10
03953.txt,12
03954.txt,56
03955.txt,1
03956.txt,52
03957.txt,8
03958.txt,4
03959.txt,22
03960.txt,91
03961.txt,34
03962.txt,11
03963.txt,8
03964.txt,0
03966.txt,0
03967.txt,11
03968.txt,13
03969.txt,4
03970.txt,2
03971.txt,2
03972.txt,14
03973.txt,3
03974.txt,8
03975.txt,14
03976.txt,14
03977.txt,1
03978.txt,10
03979.txt,5
03980.txt,1
03981.txt,2
03982.txt,3
03983.txt,0
03984.txt,0
03985.txt,2
03986.txt,0
03987.txt,0
03988.txt,41
03989.txt,2
03990.txt,5
03991.txt,24
03992.txt,0
03993.txt,3
03994.txt,13
03995.txt,4
03996.txt,88
03997.txt,1
03998.txt,8
03999.txt,1
04000.txt,12
04001.txt,9
04002.txt,11
04004.txt,9
04006.txt,0
04007.txt,2
04008.txt,7
04009.txt,8
04010.txt,12
04011.txt,5
04012.txt,2
04013.txt,9
04014.txt,26
04015.txt,6
04016.txt,1
04017.txt,1
04019.txt,55
04020.txt,88
04021.txt,11
04022.txt,8
04023.txt,4
04024.txt,3
04025.txt,4
04026.txt,19
04027.txt,7
04028.txt,31
04029.txt,18
04030.txt,6
04031.txt,14
04032.txt,14
04033.txt,2
04034.txt,15
04035.txt,5
04036.txt,10
04037.txt,38
04038.txt,4
04039.txt,13
04040.txt,5
04041.txt,2
04042.txt,5
04043.txt,31
04044.txt,4
04045.txt,35
04046.txt,12
04047.txt,7
04048.txt,1
04049.txt,0
04050.txt,2
04051.txt,19
04052.txt,2
04053.txt,3
04054.txt,3
04055.txt,4
04056.txt,1
04057.txt,8
04058.txt,2
04059.txt,32
04060.txt,79
04061.txt,7
04062.txt,8
04063.txt,10
04065.txt,0
04066.txt,1
04067.txt,7
04068.txt,26
04069.txt,9
04070.txt,21
04071.txt,7
04072.txt,5
04073.txt,4
04074.txt,21
04075.txt,5
04076.txt,6
04077.txt,19
04078.txt,7
04079.txt,7
04080.txt,5
04081.txt,17
04082.txt,16
04083.txt,19
04084.txt,7
04085.txt,17
04086.txt,10
04087.txt,4
04088.txt,1
04089.txt,5
04090.txt,2
04091.txt,4
04092.txt,11
04093.txt,3
04094.txt,4
04095.txt,4
04096.txt,42
04097.txt,7
04098.txt,14
04099.txt,1
04100.txt,1
04101.txt,7
04102.txt,0
04103.txt,2
04104.txt,6
04105.txt,0
04106.txt,7
04107.txt,2
04108.txt,1
04109.txt,0
04110.txt,11
04111.txt,295
04112.txt,56
04113.txt,32
04114.txt,62
04115.txt,2
04116.txt,80
04117.txt,78
04118.txt,11
04119.txt,1
04120.txt,31
04121.txt,28
04122.txt,11
04123.txt,2
04124.txt,4
04125.txt,6
04127.txt,0
04128.txt,5
04129.txt,16
04130.txt,2
04131.txt,1
04132.txt,9
04133.txt,48
04134.txt,4
04135.txt,0
04136.txt,1
04137.txt,6
04138.txt,0
04139.txt,9
04140.txt,46
04141.txt,3
04142.txt,0
04143.txt,14
04144.txt,14
04145.txt,10
04146.txt,0
04147.txt,9
04148.txt,4
04149.txt,2
04150.txt,2
04151.txt,6
04152.txt,38
04153.txt,0
04154.txt,9
04155.txt,27
04156.txt,9
04157.txt,18
04158.txt,0
04159.txt,9
04160.txt,27
04162.txt,0
04163.txt,7
04164.txt,30
04165.txt,6
04166.txt,0
04167.txt,6
04168.txt,9
04169.txt,17
04170.txt,2
04171.txt,7
04172.txt,2
04173.txt,2
04174.txt,8
04175.txt,10
04176.txt,28
04177.txt,44
04178.txt,11
04179.txt,0
04180.txt,10
04181.txt,2
04182.txt,1
04183.txt,39
04184.txt,21
04185.txt,8
04186.txt,14
04187.txt,2
04188.txt,55
04189.txt,5
04190.txt,7
04191.txt,21
04192.txt,6
04193.txt,4
04194.txt,15
04195.txt,1
04196.txt,2
04197.txt,10
04198.txt,14
04199.txt,0
04200.txt,5
04201.txt,9
04202.txt,4
04203.txt,6
04204.txt,6
04205.txt,1
04206.txt,22
04207.txt,10
04208.txt,2
04209.txt,22
04210.txt,2
04211.txt,4
04214.txt,0
04215.txt,5
04216.txt,1
04217.txt,3
04218.txt,54
04219.txt,5
04220.txt,3
04221.txt,5
04222.txt,20
04223.txt,11
04224.txt,14
04225.txt,4
04226.txt,6
04227.txt,9
04228.txt,10
04229.txt,1
04231.txt,26
04232.txt,0
04233.txt,3
04234.txt,8
04235.txt,10
04236.txt,0
04237.txt,1
04238.txt,18
04239.txt,10
04240.txt,5
04241.txt,1
04242.txt,6
04243.txt,25
04244.txt,0
04245.txt,1
04246.txt,13
04247.txt,1
04248.txt,15
04249.txt,1
04250.txt,1
04251.txt,5
04252.txt,3
04253.txt,12
04254.txt,66
04255.txt,3
04257.txt,6
04259.txt,10
04260.txt,5
04261.txt,8
04262.txt,7
04263.txt,15
04264.txt,16
04265.txt,29
04266.txt,24
04267.txt,2
04268.txt,15
04269.txt,19
04270.txt,23
04271.txt,7
04273.txt,5
04274.txt,30
04275.txt,5
04276.txt,3
04277.txt,19
04278.txt,8
04279.txt,23
04280.txt,2
04281.txt,30
04282.txt,25
04283.txt,0
04284.txt,11
04285.txt,53
04286.txt,1
04287.txt,18
04288.txt,2
04289.txt,5
04290.txt,10
04291.txt,2
04292.txt,8
04293.txt,3
04294.txt,7
04295.txt,5
04296.txt,10
04297.txt,209
04298.txt,2
04299.txt,45
04301.txt,4
04302.txt,4
04303.txt,21
04304.txt,14
04305.txt,2
04306.txt,0
04307.txt,12
04308.txt,7
04309.txt,5
04310.txt,56
04311.txt,63
04312.txt,13
04313.txt,22
04314.txt,25
04315.txt,5
04316.txt,6
04317.txt,25
04318.txt,49
04319.txt,13
04320.txt,6
04321.txt,7
04322.txt,19
04323.txt,0
04324.txt,15
04325.txt,5
04326.txt,0
04327.txt,14
04328.txt,6
04329.txt,2
04330.txt,11
04331.txt,4
04332.txt,22
04333.txt,2
04334.txt,14
04335.txt,13
04336.txt,19
04337.txt,18
04338.txt,8
04339.txt,11
04340.txt,3
04341.txt,33
04342.txt,1
04343.txt,3
04344.txt,8
04345.txt,4
04346.txt,9
04347.txt,19
04348.txt,3
04349.txt,0
04350.txt,2
04351.txt,31
04352.txt,10
04353.txt,1
04354.txt,8
04355.txt,1
04356.txt,1
04357.txt,3
04358.txt,19
04359.txt,0
04360.txt,15
04361.txt,0
04362.txt,1
04363.txt,39
04364.txt,6
04365.txt,4
04366.txt,3
04367.txt,4
04368.txt,1
04369.txt,10
04370.txt,5
04371.txt,9
04372.txt,4
04373.txt,3
04374.txt,19
04375.txt,12
04376.txt,21
04377.txt,6
04378.txt,2
04379.txt,48
04380.txt,10
04381.txt,3
04382.txt,10
04383.txt,2
04385.txt,3
04386.txt,21
04387.txt,36
04390.txt,4
04391.txt,3
04392.txt,9
04393.txt,9
04394.txt,0
04395.txt,0
04396.txt,7
04397.txt,66
04398.txt,3
04399.txt,2
04400.txt,1
04401.txt,40
04402.txt,17
04403.txt,8
04404.txt,31
04405.txt,13
04406.txt,15
04407.txt,1
04408.txt,30
04409.txt,9
04410.txt,17
04411.txt,152
04412.txt,0
04413.txt,11
04414.txt,14
04415.txt,47
04417.txt,3
04418.txt,29
04419.txt,10
04421.txt,10
04422.txt,2
04424.txt,6
04425.txt,2
04426.txt,16
04427.txt,5
04428.txt,19
04429.txt,13
04430.txt,6
04431.txt,89
04432.txt,6
04433.txt,46
04434.txt,25
04435.txt,0
04436.txt,0
04437.txt,10
04438.txt,5
04439.txt,14
04440.txt,23
04441.txt,2
04442.txt,5
04443.txt,71
04444.txt,1
04445.txt,28
04446.txt,1
04447.txt,7
04448.txt,4
04449.txt,13
04450.txt,5
04451.txt,0
04452.txt,7
04453.txt,12
04454.txt,12
04456.txt,2
04457.txt,9
04458.txt,8
04459.txt,46
04460.txt,4
04461.txt,3
04462.txt,4
04463.txt,4
04464.txt,0
04465.txt,3
04466.txt,4
04467.txt,0
04468.txt,3
04469.txt,2
04470.txt,39
04471.txt,5
04472.txt,28
04473.txt,13
04474.txt,23
04475.txt,10
04476.txt,6
04477.txt,3
04478.txt,2
04479.txt,5
04480.txt,20
04481.txt,3
04482.txt,2
04483.txt,19
04484.txt,30
04485.txt,25
04486.txt,4
04487.txt,17
04488.txt,10
04489.txt,12
04490.txt,17
04491.txt,7
04492.txt,21
04493.txt,7
04494.txt,0
04495.txt,8
04496.txt,3
04497.txt,9
04499.txt,9
04500.txt,27
04501.txt,1
04502.txt,33
04503.txt,1
04504.txt,2
04505.txt,16
04506.txt,20
04507.txt,31
04508.txt,3
04509.txt,8
04510.txt,3
04511.txt,21
04512.txt,2
04513.txt,28
04514.txt,11
04515.txt,8
04516.txt,3
04517.txt,13
04518.txt,8
04519.txt,16
04520.txt,1
04521.txt,4
04522.txt,2
04523.txt,9
04524.txt,15
04525.txt,3
04526.txt,2
04527.txt,5
04528.txt,0
04529.txt,8
04530.txt,22
04531.txt,2
04532.txt,1
04533.txt,1
04534.txt,6
04535.txt,26
04536.txt,7
04537.txt,14
04538.txt,3
04539.txt,9
04540.txt,2
04541.txt,2
04542.txt,0
04543.txt,0
04544.txt,14
04545.txt,3
04546.txt,5
04547.txt,15
04548.txt,50
04549.txt,0
04550.txt,5
04551.txt,12
04552.txt,9
04553.txt,1
04554.txt,7
04555.txt,8
04556.txt,3
04557.txt,3
04558.txt,31
04559.txt,9
04560.txt,1
04561.txt,31
04562.txt,5
04563.txt,8
04564.txt,16
04565.txt,14
04566.txt,9
04567.txt,1
04568.txt,11
04569.txt,3
04570.txt,0
04571.txt,1
04572.txt,10
04573.txt,19
04574.txt,30
04575.txt,2
04576.txt,4
04577.txt,4
04578.txt,1
04579.txt,17
04580.txt,2
04581.txt,9
04582.txt,7
04583.txt,17
04584.txt,6
04585.txt,19
04586.txt,6
04587.txt,29
04588.txt,3
04590.txt,10
04591.txt,0
04592.txt,3
04593.txt,16
04594.txt,6
04595.txt,5
04596.txt,10
04597.txt,2
04598.txt,8
04599.txt,10
04600.txt,117
04601.txt,3
04602.txt,2
04603.txt,5
04604.txt,8
04605.txt,15
04606.txt,12
04607.txt,4
04608.txt,12
04609.txt,9
04610.txt,8
04611.txt,14
04612.txt,4
04613.txt,2
04614.txt,12
04615.txt,8
04617.txt,13
04618.txt,13
04619.txt,25
04620.txt,2
04621.txt,0
04622.txt,4
04624.txt,3
04625.txt,1
04626.txt,3
04627.txt,2
04628.txt,5
04629.txt,1
04630.txt,29
04631.txt,4
04632.txt,8
04633.txt,8
04634.txt,17
04635.txt,11
04636.txt,1
04637.txt,22
04638.txt,6
04639.txt,24
04640.txt,28
04641.txt,1
04642.txt,7
04643.txt,6
04644.txt,15
04645.txt,10
04647.txt,6
04648.txt,2
04649.txt,30
04650.txt,2
04651.txt,30
04652.txt,5
04653.txt,26
04654.txt,5
04655.txt,9
04656.txt,2
04657.txt,5
04658.txt,1
04659.txt,0
04660.txt,3
04661.txt,0
04662.txt,9
04663.txt,5
04664.txt,2
04665.txt,8
04666.txt,7
04667.txt,16
04668.txt,4
04669.txt,1
04670.txt,5
04671.txt,17
04672.txt,12
04673.txt,5
04674.txt,12
04675.txt,21
04676.txt,25
04677.txt,4
04678.txt,238
04679.txt,5
04680.txt,1
04681.txt,11
04682.txt,26
04683.txt,1
04684.txt,16
04685.txt,38
04686.txt,0
04687.txt,7
04688.txt,8
04689.txt,69
04690.txt,9
04691.txt,12
04692.txt,9
04693.txt,8
04694.txt,8
04695.txt,1
04696.txt,1
04697.txt,28
04698.txt,15
04699.txt,22
04700.txt,8
04701.txt,1
04702.txt,1
04703.txt,43
04704.txt,6
04705.txt,7
04706.txt,1
04707.txt,5
04708.txt,19
04709.txt,8
04710.txt,3
04711.txt,10
04712.txt,28
04713.txt,2
04714.txt,7
04715.txt,6
04716.txt,44
04717.txt,1
04718.txt,6
04719.txt,0
04720.txt,50
04721.txt,15
04722.txt,34
04723.txt,11
04724.txt,1
04725.txt,5
04726.txt,11
04727.txt,3
04728.txt,5
04729.txt,3
04730.txt,1
04731.txt,36
04732.txt,29
04733.txt,19
04734.txt,20
04735.txt,33
04737.txt,32
04738.txt,3
04739.txt,34
04740.txt,3
04741.txt,0
04742.txt,2
04743.txt,12
04744.txt,2
04745.txt,1
04746.txt,4
04747.txt,7
04748.txt,41
04749.txt,1
04750.txt,3
04751.txt,1
04752.txt,25
04753.txt,12
04754.txt,2
04755.txt,414
04756.txt,4
04757.txt,0
04758.txt,7
04759.txt,1
04760.txt,2
04761.txt,5
04762.txt,1
04763.txt,0
04765.txt,1
04766.txt,0
04767.txt,38
04768.txt,5
04769.txt,16
04770.txt,2
04771.txt,1
04772.txt,11
04773.txt,14
04774.txt,1
04775.txt,1
04776.txt,7
04777.txt,19
04778.txt,0
04779.txt,10
04780.txt,4
04781.txt,23
04782.txt,18
04783.txt,2
04784.txt,2
04785.txt,9
04786.txt,106
04787.txt,3
04788.txt,6
04789.txt,21
04790.txt,3
04791.txt,4
04792.txt,13
04793.txt,1
04794.txt,3
04795.txt,3
04796.txt,4
04797.txt,3
04798.txt,7
04799.txt,14
04800.txt,0
04801.txt,13
04803.txt,0
04804.txt,2
04806.txt,4
04807.txt,10
04808.txt,38
04809.txt,7
04810.txt,11
04811.txt,2
04812.txt,1
04813.txt,1451
04814.txt,22
04815.txt,9
04816.txt,1
04817.txt,14
04818.txt,0
04819.txt,4
04820.txt,74
04821.txt,2
04822.txt,14
04823.txt,4
04824.txt,13
04825.txt,2
04826.txt,2
04827.txt,12
04828.txt,5
04829.txt,38
04830.txt,68
04831.txt,14
04832.txt,9
04833.txt,6
04834.txt,5
04835.txt,10
04836.txt,2
04837.txt,27
04838.txt,11
04839.txt,10
04840.txt,2
04841.txt,3
04842.txt,11
04843.txt,59
04844.txt,7
04845.txt,2
04846.txt,2
04847.txt,1
04848.txt,7
04849.txt,39
04850.txt,2
04851.txt,11
04852.txt,10
04853.txt,2
04854.txt,40
04855.txt,4
04856.txt,3
04857.txt,26
04858.txt,1
04859.txt,18
04860.txt,26
04861.txt,14
04862.txt,5
04863.txt,2
04864.txt,25
04867.txt,8
04868.txt,3
04869.txt,34
04870.txt,4
04871.txt,1
04872.txt,11
04873.txt,7
04874.txt,8
04875.txt,1
04876.txt,29
04877.txt,4
04878.txt,4
04879.txt,7
04880.txt,20
04881.txt,1
04882.txt,8
04883.txt,5
04884.txt,24
04885.txt,24
04886.txt,1
04887.txt,5
04888.txt,2
04889.txt,32
04890.txt,18
04891.txt,7
04892.txt,2
04893.txt,5
04894.txt,20
04895.txt,21
04896.txt,23
04897.txt,8
04898.txt,10
04899.txt,0
04900.txt,3
04901.txt,6
04902.txt,4
04903.txt,4
04904.txt,6
04905.txt,7
04906.txt,4
04908.txt,14
04909.txt,0
04910.txt,3
04911.txt,18
04913.txt,5
04914.txt,17
04915.txt,7
04916.txt,11
04917.txt,0
04918.txt,0
04920.txt,0
04921.txt,5
04922.txt,1
04923.txt,13
04924.txt,5
04925.txt,3
04926.txt,30
04927.txt,3
04929.txt,1
04930.txt,3
04931.txt,5
04932.txt,1
04933.txt,1
04934.txt,7
04935.txt,1
04936.txt,3
04937.txt,1
04938.txt,7
04939.txt,8
04940.txt,9
04941.txt,8
04942.txt,4
04943.txt,3
04944.txt,2
04945.txt,45
04946.txt,1
04947.txt,8
04948.txt,10
04949.txt,36
04952.txt,10
04953.txt,0
04954.txt,32
04955.txt,9
04956.txt,1
04957.txt,5
04958.txt,0
04959.txt,38
04960.txt,1
04961.txt,4
04962.txt,23
04963.txt,9
04964.txt,1
04965.txt,9
04966.txt,27
04967.txt,21
04968.txt,27
04969.txt,1
04971.txt,8
04972.txt,8
04973.txt,0
04976.txt,0
04980.txt,1
04982.txt,16
04983.txt,10
04984.txt,0
04986.txt,1
04987.txt,3
04989.txt,4
04992.txt,12
04993.txt,8
04994.txt,5
04995.txt,17
04997.txt,4
04998.txt,18
05000.txt,15
05001.txt,13
05002.txt,4
05003.txt,3
05004.txt,2
05006.txt,9
05007.txt,30
05010.txt,9
05011.txt,22
05012.txt,10
05014.txt,0
05015.txt,12
05016.txt,1
05017.txt,1
05018.txt,28
05019.txt,14
05021.txt,0
05023.txt,28
05024.txt,1
05025.txt,5
05026.txt,14
05029.txt,2
05030.txt,1
05033.txt,2
05036.txt,10
05037.txt,3
05038.txt,21
05039.txt,10
05040.txt,11
05041.txt,3
05042.txt,22
05043.txt,6
05045.txt,5
05046.txt,12
05047.txt,13
05048.txt,0
05050.txt,6
05051.txt,1
05052.txt,28
05053.txt,16
05055.txt,8
05056.txt,9
05057.txt,8
05058.txt,1
05060.txt,17
05061.txt,1
05062.txt,1
05064.txt,0
05065.txt,0
05066.txt,6
05067.txt,33
05068.txt,9
05069.txt,0
05072.txt,2
05073.txt,6
05075.txt,3
05076.txt,11
05078.txt,4
05081.txt,1
05082.txt,1
05084.txt,14
05085.txt,18
05086.txt,2
05087.txt,4
05088.txt,6
05089.txt,0
05090.txt,14
05091.txt,1
05093.txt,9
05094.txt,2
05095.txt,1
05096.txt,13
05097.txt,2
05098.txt,5
05099.txt,25
05101.txt,7
05102.txt,9
05103.txt,43
05104.txt,20
05106.txt,14
05109.txt,0
05111.txt,11
05112.txt,5
05113.txt,2
05117.txt,36
05118.txt,9
05119.txt,2
05120.txt,3
05121.txt,0
05123.txt,2
05125.txt,3
05126.txt,3
05127.txt,11
05128.txt,3
05129.txt,14
05130.txt,3
05131.txt,0
05132.txt,6
05133.txt,1
05134.txt,6
05135.txt,14
05136.txt,3
05137.txt,2
05138.txt,11
05139.txt,4
05140.txt,1
05141.txt,5
05142.txt,4
05143.txt,22
05146.txt,1
05147.txt,8
05148.txt,0
05149.txt,0
05152.txt,2
05153.txt,18
05154.txt,5
05155.txt,0
05156.txt,4
05157.txt,1
05158.txt,21
05159.txt,15
05161.txt,7
05164.txt,1
05165.txt,10
05166.txt,31
05167.txt,24
05168.txt,0
05169.txt,1
05170.txt,44
05171.txt,0
